_id,name_cn,name_en,type,show_time,score,avatar
1250952,天气之子,天气之子,"爱情,动画,奇幻",2019-11-01中国大陆上映,9.0,https://p0.meituan.net/movie/ecca4f0b95340b2c57006a1bace4c3f91386100.jpg@1l_1e_1c_128w_180h
1218273,误杀,误杀,"剧情,犯罪",2019-12-13中国大陆上映,9.4,https://p1.meituan.net/movie/967b253953bc7e660cfadbf9d78f67b62852693.jpg@1l_1e_1c_128w_180h
344990,唐人街探案2,唐人街探案2,"喜剧,动作,悬疑",2018-02-16中国大陆上映,9.0,https://p1.meituan.net/movie/efb0a5e3989f45c4f3e22108bcc27ed71037307.jpg@1l_1e_1c_128w_180h
1211270,哪吒之魔童降世,哪吒之魔童降世,"动画,喜剧,奇幻",2019-07-26中国大陆上映,9.6,https://p0.meituan.net/movie/005955214d5b3e50c910d7a511b0cb571445301.jpg@1l_1e_1c_128w_180h
1218029,少年的你,少年的你,"爱情,青春,剧情",2019-10-25中国大陆上映,9.4,https://p0.meituan.net/movie/7b437e3a0d08d10e374ddc34f71b88fe3379132.jpg@1l_1e_1c_128w_180h
1227006,吹哨人,吹哨人,"剧情,犯罪,悬疑",2019-12-06中国大陆上映,8.4,https://p0.meituan.net/movie/2cbc83f180080382b7754652b04718152049777.jpg@1l_1e_1c_128w_180h
246061,哥斯拉2：怪兽之王,哥斯拉2：怪兽之王,"科幻,灾难,动作",2019-05-31中国大陆上映,8.5,https://p0.meituan.net/movie/71fba05fbe4912cb70d27b87c3c856393364925.jpg@1l_1e_1c_128w_180h
344264,战狼2,战狼2,"动作,战争",2017-07-27中国大陆上映,9.7,https://p0.meituan.net/movie/0355f74de087b699b85b7daa3d7881ec365712.jpg@1l_1e_1c_128w_180h
1251639,毒液2,毒液2,"动作,科幻,惊悚,恐怖",2020-06-25美国上映,暂无评分,https://p1.meituan.net/movie/015a88920f0f5b17273de7a25408ac5584998.jpg@1l_1e_1c_128w_180h
343355,恐怖电影院2,恐怖电影院2,"恐怖,惊悚",2017-10-20中国大陆上映,4.9,https://p0.meituan.net/movie/913ab2bb77e596faac6e5f5e3831c8a9255571.jpg@1l_1e_1c_128w_180h
1225578,野性的呼唤,野性的呼唤,"剧情,冒险",2020-02-21美国上映,7.2,https://p1.meituan.net/moviemachine/6ca63f0a1b08ee9667dcf0f699b6cf3d216090.jpg@1l_1e_1c_128w_180h
248172,复仇者联盟4：终局之战,复仇者联盟4：终局之战,"动作,冒险,奇幻",2019-04-24中国大陆上映,9.1,https://p0.meituan.net/moviemachine/f7d2ad70eb79d6d9b8a197713db9b8c41711752.jpg@1l_1e_1c_128w_180h
247949,冰雪奇缘2,冰雪奇缘2,"喜剧,动画,冒险",2019-11-22中国大陆上映,9.0,https://p0.meituan.net/moviemachine/58ee13be6dc60bf5e636cf915bbbaaa55787785.jpg@1l_1e_1c_128w_180h
1285808,活着,活着,灾难,2020-06-24韩国上映,暂无评分,https://p0.meituan.net/moviemachine/ce48cf62a8968b32289fc15eb749fafd819957.jpg@1l_1e_1c_128w_180h
1278457,火箭少女101飞行演唱会*广州站,火箭少女101飞行演唱会*广州站,歌舞,2019-03-30中国大陆上映,暂无评分,https://p0.meituan.net/movie/8890cbfdb7519fddcef493353ef2ea7f140096.jpg@1l_1e_1c_128w_180h
344869,疯狂的外星人,疯狂的外星人,"剧情,喜剧,科幻",2019-02-05中国大陆上映,8.5,https://p0.meituan.net/movie/6a21e35ad7106c60967954b165c09b92915222.jpg@1l_1e_1c_128w_180h
1230121,中国机长,中国机长,"剧情,传记",2019-09-30中国大陆上映,9.4,https://p0.meituan.net/movie/cddf92d0ac6a0db837a1bc488b241c42267927.jpg@1l_1e_1c_128w_180h
1277644,两只老虎,两只老虎,"剧情,喜剧",2019-11-29中国大陆上映,8.0,https://p0.meituan.net/moviemachine/19d48b1fd4f4af5c8c8e1c780a26fa431567220.jpg@1l_1e_1c_128w_180h
248906,流浪地球,流浪地球,"剧情,冒险,科幻",2019-02-05中国大陆上映,9.2,https://p1.meituan.net/movie/616cd50a33550a9225ac781e52d14ae54967551.jpg@1l_1e_1c_128w_180h
443387,星球大战：天行者崛起,星球大战：天行者崛起,"动作,科幻,冒险",2019-12-20中国大陆上映,7.9,https://p0.meituan.net/moviemachine/a16716ff2873be37857add59f882e44d5071965.jpg@1l_1e_1c_128w_180h
1332034,最美逆行,最美逆行,剧情,2020-06-28中国大陆上映,暂无评分,https://p0.meituan.net/moviemachine/4456ee7276eeee6dbd437743735caa09114795.jpg@1l_1e_1c_128w_180h
343203,釜山行,釜山行,"动作,惊悚,灾难",2016-07-20韩国上映,8.9,https://p1.meituan.net/movie/9a0cc541dba6851c92143f0cc0d97bbe270276.jpg@1l_1e_1c_128w_180h
1250696,囧妈,囧妈,"剧情,喜剧",2020-01-25中国大陆上映,暂无评分,https://p1.meituan.net/movie/f2ebf28e702874e3aa4238911cd34ef41074680.jpg@1l_1e_1c_128w_180h
1277939,我和我的祖国,我和我的祖国,剧情,2019-09-30中国大陆上映,9.7,https://p0.meituan.net/moviemachine/b2c5c74d33e45745fd3462e44b3698e18336620.jpg@1l_1e_1c_128w_180h
336798,速度与激情：增压,速度与激情：增压,"动作,短片",2015-06-25美国上映,7.8,https://p0.meituan.net/movie/de9c7b6a0afa18a196b14867e5f3385f176111.jpg@1l_1e_1c_128w_180h
1324423,因爱而伟大,因爱而伟大,"剧情,家庭",,暂无评分,https://p0.meituan.net/moviemachine/516fe3b08da4626f894b6749eb12cc4e990106.jpg@1l_1e_1c_128w_180h
1285581,数码宝贝大冒险：最后的进化·羁绊,数码宝贝大冒险：最后的进化·羁绊,"动画,冒险",2020-02-21日本上映,7.5,https://p0.meituan.net/movie/91fbd3b7a8a4304f0b40dbac0139e483170865.jpg@1l_1e_1c_128w_180h
1305801,泰迦奥特曼剧场版 新世代CLIMAX,泰迦奥特曼剧场版 新世代CLIMAX,"科幻,冒险",2020-03-06日本上映,暂无评分,https://p0.meituan.net/movie/f3fe98e46f314689eb16f03d4381d809156648.jpg@1l_1e_1c_128w_180h
1198925,蜘蛛侠：英雄远征,蜘蛛侠：英雄远征,"动作,冒险,科幻",2019-06-28中国大陆上映,9.0,https://p0.meituan.net/moviemachine/48fdec1c3f34533f1e1b907c5e8a61f01905931.jpg@1l_1e_1c_128w_180h
337091,与神同行：罪与罚,与神同行：罪与罚,"剧情,奇幻",2017-12-20韩国上映,7.6,https://p0.meituan.net/movie/463f9fc6362f274fb49a60fdc181b548160397.jpg@1l_1e_1c_128w_180h
1250700,攀登者,攀登者,"剧情,冒险",2019-09-30中国大陆上映,9.4,https://p0.meituan.net/movie/4c01895cfd53e82f7c3048c407974a6b4739229.jpg@1l_1e_1c_128w_180h
1215605,速度与激情：特别行动,速度与激情：特别行动,"动作,惊悚,犯罪",2019-08-23中国大陆上映,8.7,https://p1.meituan.net/movie/648bbced128324a4b4ccf7db6c564a251744344.jpg@1l_1e_1c_128w_180h
1200486,我不是药神,我不是药神,"剧情,喜剧",2018-07-05中国大陆上映,9.6,https://p0.meituan.net/movie/2e6618bf4995f8ca13b3099b109e6eea268867.jpg@1l_1e_1c_128w_180h
1190122,叶问4：完结篇,叶问4：完结篇,"动作,剧情,传记",2019-12-20中国大陆上映,9.4,https://p0.meituan.net/movie/a3d6ca3bdd5b0ddd7016acff9a9f2f2e2805813.jpg@1l_1e_1c_128w_180h
336673,新世纪福音战士新剧场版：终,新世纪福音战士新剧场版：终,"剧情,科幻,动画",2020-06-27日本上映,暂无评分,https://p0.meituan.net/movie/ac1595b2b5a0db64e78b2f75f0af533d337502.jpg@1l_1e_1c_128w_180h
1217041,南方车站的聚会,南方车站的聚会,"剧情,犯罪",2019-12-06中国大陆上映,7.9,https://p1.meituan.net/movie/6d1a970c7fefb016006b0af099d8ff38867262.jpg@1l_1e_1c_128w_180h
1277950,反贪风暴5,反贪风暴5,"动作,犯罪",2019中国大陆上映,暂无评分,https://p0.meituan.net/movie/37f4012041e4ff2b06fcd8d052269261131968.jpg@1l_1e_1c_128w_180h
1330292,大鱼海棠2,大鱼海棠2,"动画,奇幻",,暂无评分,https://p0.meituan.net/moviemachine/8263380073d21c4a37bbd294deda1ff87108.png@1l_1e_1c_128w_180h
344881,你的名字。,你的名字。,"爱情,动画,奇幻",2016-12-02中国大陆上映,9.2,https://p1.meituan.net/movie/04de313fdd7f3835563d3c4bdfb980735556062.jpg@1l_1e_1c_128w_180h
1291039,大赢家,大赢家,喜剧,2020-03-20中国大陆上映,6.7,https://p0.meituan.net/movie/abef75312b881febdf357262439ed22e6877839.jpg@1l_1e_1c_128w_180h
1278458,鬼灭之刃 兄妹的羁绊,鬼灭之刃 兄妹的羁绊,"动作,动画,惊悚,奇幻",2019-03-29日本上映,9.2,https://p1.meituan.net/movie/7be345df4908eb75710b87c9cb3adec0166362.jpg@1l_1e_1c_128w_180h
1243361,烈火英雄,烈火英雄,"灾难,动作,剧情",2019-08-01中国大陆上映,9.4,https://p0.meituan.net/movie/f75fcb7696d55452e32794b2219700b9840805.jpg@1l_1e_1c_128w_180h
1212592,西虹市首富,西虹市首富,喜剧,2018-07-27中国大陆上映,9.2,https://p1.meituan.net/movie/2b41bfe0dd8ce2da9aed193e84727cba160203.jpg@1l_1e_1c_128w_180h
1279731,宠爱,宠爱,"喜剧,爱情,剧情",2019-12-31中国大陆上映,8.9,https://p0.meituan.net/moviemachine/36eda496688542263d9a0f02ac728327823369.jpg@1l_1e_1c_128w_180h
246591,大鱼海棠,大鱼海棠,"剧情,动画,奇幻",2016-07-08中国大陆上映,8.4,https://p1.meituan.net/movie/9316c3269e405f64cbb6c3e1d553a9b3527095.jpg@1l_1e_1c_128w_180h
1249366,航海王：狂热行动,航海王：狂热行动,"动画,冒险",2019-10-18中国大陆上映,9.3,https://p0.meituan.net/moviemachine/ff399baffe786445b96e4e3d24fe1eeb675719.jpg@1l_1e_1c_128w_180h
249033,明日战记,明日战记,"动作,科幻,冒险",2019中国香港上映,暂无评分,https://p1.meituan.net/movie/8eb19cb85aa1557624612653e85af841267800.jpg@1l_1e_1c_128w_180h
248700,速度与激情8,速度与激情8,"动作,惊悚,犯罪",2017-04-14中国大陆上映,9.3,https://p1.meituan.net/movie/a7002208a13778570778ad26495cabb34541177.jpg@1l_1e_1c_128w_180h
344929,前任3：再见前任,前任3：再见前任,"喜剧,爱情",2017-12-29中国大陆上映,9.1,https://p1.meituan.net/movie/b550ee8f2d4192015073fc878b141161336659.jpg@1l_1e_1c_128w_180h
1281095,紫罗兰永恒花园 外传：永远与自动手记人偶,紫罗兰永恒花园 外传：永远与自动手记人偶,"剧情,动画",2020-01-10中国大陆上映,9.2,https://p0.meituan.net/movie/37e835fdaf68e48dd002b6757374251d6793835.jpg@1l_1e_1c_128w_180h
1243239,熊出没·原始时代,熊出没·原始时代,"喜剧,动画,冒险",2019-02-05中国大陆上映,9.1,https://p1.meituan.net/movie/0ca4644c25ff01b7779a06e1ce4f1b011824360.jpg@1l_1e_1c_128w_180h
1182552,红海行动,红海行动,"剧情,动作",2018-02-16中国大陆上映,9.4,https://p0.meituan.net/movie/4aa41a512c44f4a7d613c05a8d47fbb0411851.jpg@1l_1e_1c_128w_180h
1212490,战神诀,战神诀,战争,2019中国大陆上映,暂无评分,https://p0.meituan.net/moviemachine/bff6b8727558ea5fb9b0f090e6c4269a1075754.jpg@1l_1e_1c_128w_180h
345011,建军大业,建军大业,"剧情,历史",2017-07-27中国大陆上映,9.1,https://p0.meituan.net/movie/e2807e23064278d4a279a7ac6b87dea5382527.jpg@1l_1e_1c_128w_180h
1212,千与千寻,千与千寻,"动画,冒险,奇幻,家庭",2019-06-21中国大陆上映,9.3,https://p0.meituan.net/movie/30b20139e68c46d02e0893277d633b701292458.jpg@1l_1e_1c_128w_180h
248015,陀地驱魔人,陀地驱魔人,"剧情,恐怖",2015-11-22中国香港上映,8.1,https://p1.meituan.net/movie/8e565df4eb7d25eab6b75a127c3ea017232992.jpg@1l_1e_1c_128w_180h
240,画壁,画壁,"剧情,动作,爱情,奇幻",2011-09-29中国大陆上映,6.7,https://p1.meituan.net/movie/7e5afaeef2b1974fe5f6b12f4e647e00368672.jpg@1l_1e_1c_128w_180h
1218141,扫毒2天地对决,扫毒2天地对决,"剧情,动作,悬疑,犯罪",2019-07-05中国大陆上映,9.0,https://p0.meituan.net/movie/8d3efdc44af04c3254fc9e4ad5334ae32660685.jpg@1l_1e_1c_128w_180h
1208115,羞辱,羞辱,剧情,2017-09-14黎巴嫩上映,8.0,https://p1.meituan.net/movie/1361754043b8c21e1178aa999052808b2233886.jpg@1l_1e_1c_128w_180h
1280053,午夜0时的吻,午夜0时的吻,爱情,2019-12-06日本上映,5.0,https://p1.meituan.net/movie/d9d786e91b68c1d4841934df6b410940354352.jpg@1l_1e_1c_128w_180h
1325488,我非英雄,我非英雄,剧情,,暂无评分,https://p1.meituan.net/moviemachine/06809142b29a3b3c395780512058fbf43748437.jpg@1l_1e_1c_128w_180h
1278417,知晓天空之蓝的人啊,知晓天空之蓝的人啊,动画,2019-10-11日本上映,7.2,https://p0.meituan.net/movie/59b7973b6724f9833e8230dafd1a9cbe281004.jpg@1l_1e_1c_128w_180h
1211727,反贪风暴4,反贪风暴4,"剧情,动作,犯罪",2019-04-04中国大陆上映,9.0,https://p1.meituan.net/movie/c63849c7a9de360a7b192bc322792a111705236.jpg@1l_1e_1c_128w_180h
246063,美人鱼,美人鱼,"喜剧,爱情,科幻",2016-02-08中国大陆上映,9.0,https://p0.meituan.net/movie/18cf7a5bc7c2094f38200d4673766b0a333967.jpg@1l_1e_1c_128w_180h
1215201,小丑,小丑,"剧情,惊悚,犯罪",2019-10-04美国上映,8.6,https://p0.meituan.net/moviemachine/7707dc3478f9ab26871688f4964ae45d6672925.jpg@1l_1e_1c_128w_180h
42964,毒液：致命守护者,毒液：致命守护者,"动作,惊悚,科幻",2018-11-09中国大陆上映,9.2,https://p0.meituan.net/movie/363e3a7e614d29b2847ff4e62afcd3f42168651.jpg@1l_1e_1c_128w_180h
1235560,白蛇：缘起,白蛇：缘起,"爱情,动画,奇幻",2019-01-11中国大陆上映,9.3,https://p0.meituan.net/movie/a48ac62bd6f10b9bf94aebc2f19d24021727296.jpg@1l_1e_1c_128w_180h
1212492,老师·好,老师·好,"剧情,喜剧",2019-03-22中国大陆上映,9.3,https://p0.meituan.net/movie/b8821d597382e319f9679b7e24e49d113204356.jpg@1l_1e_1c_128w_180h
1310071,泰迦奥特曼剧场版 新世代CLIMAX,泰迦奥特曼剧场版 新世代CLIMAX,"剧情,科幻,冒险",,暂无评分,https://p0.meituan.net/movie/d3c348cd5640a15414ad7662e49e122b161074.jpg@1l_1e_1c_128w_180h
1261810,战狼三级班,战狼三级班,短片,2017中国大陆上映,暂无评分,https://p0.meituan.net/movie/4e5625b912f756464abb7a70430fa404272515.jpg@1l_1e_1c_128w_180h
248170,复仇者联盟3：无限战争,复仇者联盟3：无限战争,"动作,冒险,科幻",2018-05-11中国大陆上映,9.0,https://p1.meituan.net/movie/266d24fe8567632e078b3717a096d104359095.jpg@1l_1e_1c_128w_180h
1229534,银河补习班,银河补习班,"剧情,家庭",2019-07-18中国大陆上映,9.4,https://p0.meituan.net/movie/bb9f75599bfbb2c4cf77ad9abae1b95c1376927.jpg@1l_1e_1c_128w_180h
1208282,无名之辈,无名之辈,"剧情,喜剧,犯罪",2018-11-16中国大陆上映,9.0,https://p0.meituan.net/movie/db233a95c927420707ec0ed47d29f21d321171.jpg@1l_1e_1c_128w_180h
1261678,光天化日,光天化日,"动作,爱情,犯罪",2019中国大陆上映,暂无评分,https://p0.meituan.net/movie/5be3b1250d775f8ae155c91613496e49115034.jpg@1l_1e_1c_128w_180h
343101,变形金刚7,变形金刚7,"动作,科幻,冒险",2019-06-28美国上映,暂无评分,https://p1.meituan.net/movie/c3bb27f71ba513f297b9a3e04a0d49a181416.jpg@1l_1e_1c_128w_180h
414997,命运之夜——天之杯II ：迷失之蝶,命运之夜——天之杯II ：迷失之蝶,"剧情,动画,奇幻",2019-07-12中国大陆上映,9.0,https://p0.meituan.net/movie/7b40e56e644cd04915e6e9cc09c1bdb1331242.jpg@1l_1e_1c_128w_180h
580298,新喜剧之王,新喜剧之王,"剧情,喜剧",2019-02-05中国大陆上映,8.0,https://p0.meituan.net/movie/ec30a55b1b20e7b8621bfb7682b530f9568248.jpg@1l_1e_1c_128w_180h
1258394,名侦探柯南：绀青之拳,名侦探柯南：绀青之拳,"动画,悬疑,动作",2019-09-13中国大陆上映,8.7,https://p0.meituan.net/moviemachine/b7362f555340906684944957dfc8d5421530646.jpg@1l_1e_1c_128w_180h
180,唐山大地震,唐山大地震,"剧情,历史,灾难",2010-07-22中国大陆上映,8.2,https://p0.meituan.net/movie/1f4bc49ed6c5a3ba23a93ecd68b73da1362146.jpg@1l_1e_1c_128w_180h
1277457,麦路人,麦路人,剧情,2019-10-29日本上映,7.2,https://p0.meituan.net/movie/da5893324abb0ea82d87f6f386eddae582129.jpg@1l_1e_1c_128w_180h
1297916,家有喜事2020,家有喜事2020,喜剧,2020-01-25中国香港上映,暂无评分,https://p0.meituan.net/movie/6359093d1e18f63703fa4fb67f27d42d139611.jpg@1l_1e_1c_128w_180h
1208342,江湖儿女,江湖儿女,"爱情,犯罪",2018-09-21中国大陆上映,7.6,https://p0.meituan.net/movie/7c6d552c8e92e9782954fb19be4fb4ca328353.jpg@1l_1e_1c_128w_180h
78405,速度与激情7,速度与激情7,"动作,惊悚,犯罪",2015-04-12中国大陆上映,9.6,https://p1.meituan.net/movie/b22bc4b0cf71916e6c2f4c335c3a66a0300236.jpg@1l_1e_1c_128w_180h
789,建国大业,建国大业,"剧情,历史",2009-09-16中国大陆上映,7.7,https://p1.meituan.net/movie/be857a701e956a39451f9fa52d057ec5293736.jpg@1l_1e_1c_128w_180h
243,阿凡达,阿凡达,"动作,科幻,冒险",2010-01-04中国大陆上映,9.0,https://p1.meituan.net/movie/e540384dc6c9f63bdb27cc554588a77f44305.jpg@1l_1e_1c_128w_180h
277518,纽约唐人街碎尸案,纽约唐人街碎尸案,剧情,1961中国香港上映,暂无评分,https://p1.meituan.net/movie/c39720873db6092a7a4811ee377e4dd220686.jpg@1l_1e_1c_128w_180h
1301549,我的王牌老爸,我的王牌老爸,"剧情,动作",,暂无评分,https://p1.meituan.net/moviemachine/4b7c1a450ec3e9e2a692b29b3c3ab52d622682.png@1l_1e_1c_128w_180h
1198178,动物世界,动物世界,"动作,悬疑,冒险",2018-06-29中国大陆上映,8.5,https://p1.meituan.net/movie/c70b5206c096ca2c309383250162ed69393584.jpg@1l_1e_1c_128w_180h
1261353,路人女主的养成方法 剧场版,路人女主的养成方法 剧场版,"爱情,动画",2019-10-26日本上映,暂无评分,https://p0.meituan.net/movie/be84526abf6e410daa62b4054c5fd5ca118655.jpg@1l_1e_1c_128w_180h
1301277,灭狐行动,灭狐行动,"动作,剧情",,暂无评分,https://p0.meituan.net/moviemachine/860328e8268d8c86addbeaca1dd16cd1992444.png@1l_1e_1c_128w_180h
343720,后来的我们,后来的我们,"剧情,爱情",2018-04-28中国大陆上映,8.3,https://p0.meituan.net/movie/9570b9680d1b72ff308ab2427b72db1c404682.jpg@1l_1e_1c_128w_180h
344183,奇门遁甲,奇门遁甲,"喜剧,动作,奇幻",2017-12-14中国大陆上映,7.7,https://p0.meituan.net/movie/f9dc4505ba214ad5d7648a3cb8483044446325.jpg@1l_1e_1c_128w_180h
1251281,被光抓走的人,被光抓走的人,"剧情,爱情",2019-12-13中国大陆上映,7.7,https://p0.meituan.net/movie/6e76513774a294aafeea8d5fa661f5902937606.jpg@1l_1e_1c_128w_180h
521231,万达，残暴的催眠师,万达，残暴的催眠师,"喜剧,恐怖",1969美国上映,暂无评分,https://p0.meituan.net/movie/83d91860ef34ad2205fda25c50748b03101873.jpg@1l_1e_1c_128w_180h
345419,沉睡魔咒2,沉睡魔咒2,"冒险,家庭,奇幻",2019-10-18中国大陆上映,9.1,https://p1.meituan.net/moviemachine/c68e3fff79463952b33cbc1e1b45442b1772992.jpg@1l_1e_1c_128w_180h
1132397,寒战3,寒战3,"剧情,动作,犯罪",2019中国香港上映,暂无评分,https://p1.meituan.net/movie/dcebc0f33d92e1d4e967d8a24a56b95a55977.jpg@1l_1e_1c_128w_180h
632158,真·三国无双,真·三国无双,爱情,2018中国大陆上映,暂无评分,https://p0.meituan.net/movie/b8dfe8c1b9d5cfa48cff20d0e2e54f3c265366.jpg@1l_1e_1c_128w_180h
342903,上海堡垒,上海堡垒,"科幻,爱情,战争",2019-08-09中国大陆上映,5.8,https://p1.meituan.net/movie/5dde9673a97f1e11540dc4c4cc78cbcb3314363.jpg@1l_1e_1c_128w_180h
1321647,黑帮大佬和我的365日,黑帮大佬和我的365日,情色,2020-02-07波兰上映,4.7,https://p0.meituan.net/movie/053bc956e9238e8bcafc14f4c3b8915938293.jpg@1l_1e_1c_128w_180h
247875,金刚狼3：殊死一战,金刚狼3：殊死一战,"动作,冒险,科幻",2017-03-03中国大陆上映,8.6,https://p1.meituan.net/movie/647f496cc77edb5cecb7ccb78840743b140554.jpg@1l_1e_1c_128w_180h
1250662,大约在冬季,大约在冬季,"剧情,爱情",2019-11-15中国大陆上映,8.4,https://p0.meituan.net/movie/06aafa51a56e6e1888095373a1d00c3d1123868.jpg@1l_1e_1c_128w_180h
1203392,角头2：王者再起,角头2：王者再起,"剧情,动作,犯罪",2018-02-15中国台湾上映,6.3,https://p0.meituan.net/movie/0a8ac9eec94f4e7d20c50f86a5faef4a165925.jpg@1l_1e_1c_128w_180h
267,泰坦尼克号,泰坦尼克号,"剧情,爱情,灾难",1998-04-03中国大陆上映,9.4,https://p1.meituan.net/movie/b607fba7513e7f15eab170aac1e1400d878112.jpg@1l_1e_1c_128w_180h
1210974,智齿,智齿,"悬疑,犯罪",2019中国香港上映,暂无评分,https://p0.meituan.net/movie/a28ac371e3563b8bb2469b0cabb13628367614.jpg@1l_1e_1c_128w_180h
249342,海王,海王,"动作,冒险,奇幻",2018-12-07中国大陆上映,9.3,https://p0.meituan.net/movie/c106904da68edd848afd4a320976d051346321.jpg@1l_1e_1c_128w_180h
246234,美国队长3,美国队长3,"动作,冒险,科幻",2016-05-06中国大陆上映,8.6,https://p1.meituan.net/movie/2edb8ee4bcd46ccc7d729a765708674c362784.jpg@1l_1e_1c_128w_180h
78043,钢铁侠3,钢铁侠3,"动作,科幻",2013-05-01中国大陆上映,9.0,https://p1.meituan.net/movie/4c69bc105eb1b16344361a4f47a466b5266090.jpg@1l_1e_1c_128w_180h
1298050,哆啦A梦：大雄的新恐龙,哆啦A梦：大雄的新恐龙,动画,2020-03日本上映,暂无评分,https://p0.meituan.net/movie/0ec12def5c3173ea5412ac5cf84af108213513.jpg@1l_1e_1c_128w_180h
1198214,羞羞的铁拳,羞羞的铁拳,"喜剧,奇幻",2017-09-30中国大陆上映,9.1,https://p0.meituan.net/movie/b0b5c8d0cb56c202fbeee3078bf78427506301.jpg@1l_1e_1c_128w_180h
1298768,小人物,小人物,喜剧,,暂无评分,https://p0.meituan.net/movie/d1d6ef4de5c2c074f91b39e9458d1e63385626.png@1l_1e_1c_128w_180h
1170255,乘风破浪,乘风破浪,"剧情,喜剧,冒险",2017-01-28中国大陆上映,8.7,https://p0.meituan.net/movie/9654e93e59cd1cec269d9078d9cf4b99289750.jpg@1l_1e_1c_128w_180h
1294273,哪吒2,哪吒2,"剧情,喜剧,动画,奇幻",,暂无评分,https://p0.meituan.net/moviemachine/8263380073d21c4a37bbd294deda1ff87108.png@1l_1e_1c_128w_180h
248645,变形金刚5：最后的骑士,变形金刚5：最后的骑士,"动作,冒险,科幻",2017-06-23中国大陆上映,7.5,https://p1.meituan.net/movie/56a4462630e3b730e1566de430ff4939385052.jpg@1l_1e_1c_128w_180h
1216446,快把我哥带走,快把我哥带走,"喜剧,奇幻",2018-08-17中国大陆上映,8.9,https://p0.meituan.net/movie/4dc6deeb59b4fdd95fde3498d53e7d14360579.jpg@1l_1e_1c_128w_180h
338391,湄公河行动,湄公河行动,"剧情,动作,犯罪",2016-09-30中国大陆上映,9.3,https://p0.meituan.net/movie/4a518e347a82d47d7f9a96b3c6c44500344506.jpg@1l_1e_1c_128w_180h
1300490,未来想象记,未来想象记,"动画,短片",2019-04-16日本上映,暂无评分,https://p0.meituan.net/movie/98c6e13ebeb54cd3dfebf00d6e9cde2348275.jpg@1l_1e_1c_128w_180h
334620,蜘蛛侠：英雄归来,蜘蛛侠：英雄归来,"动作,冒险,科幻",2017-09-08中国大陆上映,8.2,https://p0.meituan.net/movie/433d5142b6c4c8d2391754464980a23b180505.jpg@1l_1e_1c_128w_180h
1170264,芳华,芳华,"剧情,爱情,战争",2017-12-15中国大陆上映,9.0,https://p0.meituan.net/movie/9e4ace8e8aa4499b4d75bb894c4ece39241238.jpg@1l_1e_1c_128w_180h
1218215,追龙Ⅱ,追龙Ⅱ,"犯罪,剧情,动作",2019-06-06中国大陆上映,8.0,https://p1.meituan.net/moviemachine/85c56509a17e6748e533866488a101d81996238.jpg@1l_1e_1c_128w_180h
360504,诛仙1,诛仙1,"古装,爱情,奇幻",2019-09-13中国大陆上映,7.6,https://p0.meituan.net/movie/845dce25ba800e91ac591b683a0c3ba92450317.jpg@1l_1e_1c_128w_180h
125,泰坦尼克号3D,泰坦尼克号3D,"爱情,灾难,剧情",2012-04-10中国大陆上映,9.4,https://p0.meituan.net/movie/85/637119.jpg@1l_1e_1c_128w_180h
893936,小黄人大眼萌：神偷奶爸前传,小黄人大眼萌：神偷奶爸前传,"喜剧,动画",2021-07-02美国上映,暂无评分,https://p0.meituan.net/moviemachine/f4dba95e19fcb04d61f47713ed6aca80668926.jpg@1l_1e_1c_128w_180h
1242431,最好的我们,最好的我们,"爱情,青春",2019-06-06中国大陆上映,8.7,https://p0.meituan.net/movie/b6e77d67efdc6ac89a52b956ead366ae5785152.jpg@1l_1e_1c_128w_180h
218580,鬼片王之再现凶榜,鬼片王之再现凶榜,恐怖,1999-11-18多平台上线,5.7,https://p1.meituan.net/movie/4564d6cd3fa7efb3ba2e164f6d03bda4101792.jpg@1l_1e_1c_128w_180h
790,蝙蝠侠：黑暗骑士,蝙蝠侠：黑暗骑士,"剧情,动作,科幻,惊悚,犯罪",2008-07-18多平台上线,9.3,https://p0.meituan.net/movie/09658109acfea0e248a63932337d8e6a4268980.jpg@1l_1e_1c_128w_180h
1216383,比悲伤更悲伤的故事,比悲伤更悲伤的故事,"剧情,爱情",2019-03-14中国大陆上映,8.0,https://p1.meituan.net/movie/94b9bfc5ffeea6d6e362395992f547762041095.jpg@1l_1e_1c_128w_180h
576169,野性的呼唤,野性的呼唤,"剧情,冒险",1993-04-25美国上映,7.4,https://p0.meituan.net/movie/c67d673ec0f3b2da9a1fdfc599c93393272885.jpg@1l_1e_1c_128w_180h
1228869,半个喜剧,半个喜剧,"爱情,喜剧",2019-12-20中国大陆上映,9.0,https://p0.meituan.net/movie/9064b787a533d85fa2d2f8ad486351861051512.jpg@1l_1e_1c_128w_180h
67517,名侦探柯南特典：怪盗基德诞生的秘密,名侦探柯南特典：怪盗基德诞生的秘密,"剧情,悬疑,犯罪",2010-04-24日本上映,暂无评分,https://p1.meituan.net/movie/d270e1cc8b74cdec6554ef4e645df8ab37160.jpg@1l_1e_1c_128w_180h
182,让子弹飞,让子弹飞,"剧情,喜剧,动作,西部",2010-12-16中国大陆上映,8.4,https://p0.meituan.net/movie/d0d4103a286a6d437f0b61a56dc4ea0f342110.jpg@1l_1e_1c_128w_180h
341628,侏罗纪世界2,侏罗纪世界2,"动作,冒险,科幻",2018-06-15中国大陆上映,8.6,https://p1.meituan.net/movie/53f4d6f5641335706b256574c0517b1793261.jpg@1l_1e_1c_128w_180h
916,哈利·波特与死亡圣器（下）,哈利·波特与死亡圣器（下）,"奇幻,冒险",2011-08-04中国大陆上映,9.0,https://p1.meituan.net/movie/bb0eca029cd25329776a4549b3fbe262924727.jpg@1l_1e_1c_128w_180h
246286,疯狂动物城,疯狂动物城,"动画,动作,冒险",2016-03-04中国大陆上映,9.5,https://p0.meituan.net/movie/9c79f4791bff2f85f1fd2a3ab09bc8e9358164.jpg@1l_1e_1c_128w_180h
78460,环太平洋：雷霆再起,环太平洋：雷霆再起,"动作,冒险,科幻",2018-03-23中国大陆上映,8.1,https://p1.meituan.net/movie/34f670e7776c2995ef58fea0eed8a36c340966.jpg@1l_1e_1c_128w_180h
78589,王牌特工：特工学院,王牌特工：特工学院,"喜剧,动作,冒险",2015-03-27中国大陆上映,9.2,https://p1.meituan.net/movie/5061c87a953c4570a199a0dd3c637d97786616.jpg@1l_1e_1c_128w_180h
262,复仇者联盟,复仇者联盟,"动作,科幻,奇幻,冒险",2012-05-05中国大陆上映,8.7,https://p0.meituan.net/movie/4286d8614c24fd6310266847c0314613419936.jpg@1l_1e_1c_128w_180h
79203,盗墓笔记,盗墓笔记,"惊悚,悬疑,奇幻",2016-08-05中国大陆上映,8.0,https://p0.meituan.net/movie/f102433d0e445907c8e80a8a40af2974306666.jpg@1l_1e_1c_128w_180h
342892,逃出绝命镇,逃出绝命镇,"恐怖,惊悚,悬疑",2017-02-24多平台上线,7.7,https://p1.meituan.net/movie/9c7ec9f9e5b5b2d4429a9b2854c5d381393498.jpg@1l_1e_1c_128w_180h
341284,误杀瞒天记,误杀瞒天记,"剧情,悬疑,犯罪",2015-07-31印度上映,7.2,https://p0.meituan.net/movie/9973a5ab74e40c34589f4ba9ca7ba930222170.jpg@1l_1e_1c_128w_180h
1218091,飞驰人生,飞驰人生,"喜剧,动作",2019-02-05中国大陆上映,8.8,https://p0.meituan.net/movie/894fb3b5d73f48148a79b7d8ad234f5010214941.jpg@1l_1e_1c_128w_180h
247535,功夫,功夫,"喜剧,动作,犯罪",2004-12-23中国大陆上映,9.1,https://p0.meituan.net/movie/63bee28db4fae342f3565be1c14a7640125600.jpg@1l_1e_1c_128w_180h
341516,狄仁杰之四大天王,狄仁杰之四大天王,"动作,悬疑,奇幻,武侠,古装",2018-07-27中国大陆上映,8.1,https://p0.meituan.net/movie/e71d863f0a0a0118f2acd7d641e5c8da358935.jpg@1l_1e_1c_128w_180h
333669,儿童警察 电影版,儿童警察 电影版,"喜剧,动作",2013-03-20日本上映,5.8,https://p1.meituan.net/movie/87723c687dae77f1854a61662396d35977521.jpg@1l_1e_1c_128w_180h
1206605,绿皮书,绿皮书,"剧情,喜剧,传记",2019-03-01中国大陆上映,9.5,https://p1.meituan.net/movie/c9b280de01549fcb71913edec05880585769972.jpg@1l_1e_1c_128w_180h
1228776,下一任：前任,下一任：前任,爱情,2019-05-01中国大陆上映,5.0,https://p0.meituan.net/moviemachine/409aca94fa1695a6bdb5206735189c11495127.jpg@1l_1e_1c_128w_180h
342507,阿特米斯的奇幻历险,阿特米斯的奇幻历险,"动作,冒险,家庭",2020-06-12美国上映,4.3,https://p1.meituan.net/moviemachine/93ce490e204fb620e4e35ed6fb81d0691239448.jpg@1l_1e_1c_128w_180h
78261,扫毒,扫毒,"剧情,犯罪",2013-11-29中国大陆上映,8.9,https://p1.meituan.net/movie/e2ad0353247f95543f105c65d35e6f30855059.jpg@1l_1e_1c_128w_180h
1240025,紫罗兰永恒花园,紫罗兰永恒花园,"动画,短片",2018-07-04日本上映,8.7,https://p0.meituan.net/movie/bf9e9ec82dddddce7328321b940b397079910.jpg@1l_1e_1c_128w_180h
1203884,与神同行2：因与缘,与神同行2：因与缘,"动作,奇幻",2018-08-01韩国上映,6.9,https://p0.meituan.net/movie/cbfab9670b355bd7d31a0bb80b558f19132226.jpg@1l_1e_1c_128w_180h
1176763,追龙,追龙,"动作,犯罪",2017-09-30中国大陆上映,9.0,https://p0.meituan.net/movie/ec94f934a538c148af034fb08bc06035133993.jpg@1l_1e_1c_128w_180h
78410,冰雪奇缘,冰雪奇缘,"喜剧,动画,歌舞,奇幻",2014-02-05中国大陆上映,9.5,https://p1.meituan.net/movie/fedbc276e6d499a0058bcd2debf8bb5f306092.jpg@1l_1e_1c_128w_180h
1189879,狮子王,狮子王,"剧情,动画,冒险",2019-07-12中国大陆上映,8.8,https://p0.meituan.net/moviemachine/7b9b0725ab5feae642e1fbba9fbb90fe3702078.jpg@1l_1e_1c_128w_180h
1203084,一出好戏,一出好戏,"剧情,喜剧",2018-08-10中国大陆上映,8.2,https://p0.meituan.net/movie/72d6a4b70e516629d3047466b57c9acd499923.jpg@1l_1e_1c_128w_180h
246012,加勒比海盗5：死无对证,加勒比海盗5：死无对证,"喜剧,动作,奇幻",2017-05-26中国大陆上映,8.9,https://p0.meituan.net/movie/b15490a94dbdac2a95176333142f3b725358875.jpg@1l_1e_1c_128w_180h
416,盗梦空间,盗梦空间,"剧情,科幻,悬疑,冒险",2010-09-01中国大陆上映,9.2,https://p1.meituan.net/movie/d40efe1183f29d5900f5c60be3c8a89d339225.jpg@1l_1e_1c_128w_180h
246390,从你的全世界路过,从你的全世界路过,"喜剧,爱情",2016-09-29中国大陆上映,8.6,https://p0.meituan.net/moviemachine/81c22b465524a86ff992b8c1d582751f9287251.jpg@1l_1e_1c_128w_180h
899,当幸福来敲门,当幸福来敲门,"剧情,家庭,传记",2008-01-17中国大陆上映,8.9,https://p1.meituan.net/movie/7d1d85610651dbe1c8687781a87d1008184950.jpg@1l_1e_1c_128w_180h
498327,惊悚,惊悚,短片,2017-06-03韩国上映,暂无评分,https://p0.meituan.net/movie/60ea7c7545c63c4d6e89e592a4d242ff228753.jpg@1l_1e_1c_128w_180h
246211,老炮儿,老炮儿,"剧情,动作",2015-12-24中国大陆上映,9.1,https://p0.meituan.net/movie/05a8011cbe22ce1caa299539f459fd1d187078.jpg@1l_1e_1c_128w_180h
247730,终结者：黑暗命运,终结者：黑暗命运,"动作,冒险,科幻",2019-11-01中国大陆上映,8.6,https://p0.meituan.net/movie/b932f7f678a3e28763b3b281b3e120ef13622509.jpg@1l_1e_1c_128w_180h
342068,寻梦环游记,寻梦环游记,"动画,冒险,家庭",2017-11-24中国大陆上映,9.6,https://p1.meituan.net/movie/14f9018b371d94dd812772704613babd475457.jpg@1l_1e_1c_128w_180h
410629,阿丽塔：战斗天使,阿丽塔：战斗天使,"动作,冒险,科幻",2019-02-22中国大陆上映,9.0,https://p0.meituan.net/movie/fc4dd6cd0c6f7db566a128cc05c475355664427.jpg@1l_1e_1c_128w_180h
346134,钢铁侠4,钢铁侠4,"剧情,动作,科幻",,暂无评分,https://p1.meituan.net/mmdb/36513a9464808a944dc8e49a6c5104e717065.jpg@1l_1e_1c_128w_180h
78429,复仇者联盟2：奥创纪元,复仇者联盟2：奥创纪元,"动作,科幻,奇幻,冒险",2015-05-12中国大陆上映,8.6,https://p1.meituan.net/movie/d1243f414fa7f8dfc2af7b902bd6872e364781.jpg@1l_1e_1c_128w_180h
1325149,我的爸爸是森林之王Ⅱ,我的爸爸是森林之王Ⅱ,"喜剧,动画",,暂无评分,https://p0.meituan.net/movie/3210f9ec0089e42a626df0a5cc28cf661009401.jpg@1l_1e_1c_128w_180h
246363,末日崩塌,末日崩塌,"动作,冒险,灾难",2015-06-02中国大陆上映,9.1,https://p1.meituan.net/movie/b00e92a91d064e18a82b6eecf3c20655331172.jpg@1l_1e_1c_128w_180h
1300746,蜡笔小新：激战！涂鸦王国和约四位勇士,蜡笔小新：激战！涂鸦王国和约四位勇士,动画,2020-04-24日本上映,暂无评分,https://p0.meituan.net/movie/e8b0add0f8ecd3e17eab32708d9cfe50185181.jpg@1l_1e_1c_128w_180h
346629,大侦探皮卡丘,大侦探皮卡丘,"冒险,奇幻,喜剧",2019-05-10中国大陆上映,8.6,https://p0.meituan.net/movie/f29c0f9ff0340d00085f4bc1a395ecf02603950.jpg@1l_1e_1c_128w_180h
79088,三少爷的剑,三少爷的剑,"剧情,动作,武侠",2016-12-02中国大陆上映,7.8,https://p0.meituan.net/movie/dbcc58a8c95cd983313a0b57bf758040367772.jpg@1l_1e_1c_128w_180h
1174518,“大”人物,“大”人物,"动作,犯罪",2019-01-10中国大陆上映,9.1,https://p0.meituan.net/movie/022be39618508dfeb13bf1433d80f082271058.jpg@1l_1e_1c_128w_180h
938,人再囧途之泰囧,人再囧途之泰囧,喜剧,2012-12-12中国大陆上映,8.7,https://p1.meituan.net/movie/b2ea38905f821dfe7e8be5689b1bb21f365633.jpg@1l_1e_1c_128w_180h
345862,妖猫传,妖猫传,"爱情,奇幻",2017-12-22中国大陆上映,7.5,https://p0.meituan.net/movie/1dd4a1544f793030519c71899d61e1c0336096.jpg@1l_1e_1c_128w_180h
1297,肖申克的救赎,肖申克的救赎,"剧情,犯罪",1994-09-23多平台上线,9.5,https://p0.meituan.net/movie/283292171619cdfd5b240c8fd093f1eb255670.jpg@1l_1e_1c_128w_180h
1299176,惊天营救,惊天营救,"动作,惊悚,犯罪",2020-04-24乐视视频独播,7.1,https://p1.meituan.net/movie/83d22d0c40a9856ba83d65ff6c7027ab224216.jpg@1l_1e_1c_128w_180h
346103,拆弹·专家,拆弹·专家,"动作,悬疑,犯罪",2017-04-28中国大陆上映,9.0,https://p0.meituan.net/movie/eaee349633b45cebf46785d6662a5e7b347918.jpg@1l_1e_1c_128w_180h
345875,风中有朵雨做的云,风中有朵雨做的云,"剧情,悬疑,犯罪",2019-04-04中国大陆上映,7.2,https://p0.meituan.net/movie/4d19230997f11ca77777ca3f376fff362959151.jpg@1l_1e_1c_128w_180h
1197417,使徒行者2：谍影行动,使徒行者2：谍影行动,"剧情,动作,犯罪",2019-08-07中国大陆上映,9.0,https://p0.meituan.net/movie/4ce0104f223d0df60340f40f01c561391345060.jpg@1l_1e_1c_128w_180h
1226057,寄生虫,寄生虫,"剧情,科幻",2019-05-30韩国上映,暂无评分,https://p0.meituan.net/moviemachine/df8671393ad97820db1c353acdfa7dc3832560.png@1l_1e_1c_128w_180h
78140,速度与激情6,速度与激情6,"动作,惊悚,犯罪",2013-07-26中国大陆上映,9.3,https://p0.meituan.net/movie/613a987ac7d8edd0b7bf8284bc1946b2260461.jpg@1l_1e_1c_128w_180h
64794,世界最大的影视城: 横店影视城,世界最大的影视城: 横店影视城,纪录片,2007-09-01中国大陆上映,6.7,https://p0.meituan.net/movie/93e18f768f28c15cc446bb042df6fe1635923.jpg@1l_1e_1c_128w_180h
342166,无双,无双,"动作,惊悚,犯罪",2018-09-30中国大陆上映,8.9,https://p0.meituan.net/movie/4d760dc11c241b55bd23622495175c71298563.jpg@1l_1e_1c_128w_180h
46818,怦然心动,怦然心动,"剧情,喜剧,爱情",2010-09-10多平台上线,8.9,https://p0.meituan.net/movie/15f1ac49b6d1ff7b71207672993ed6901536456.jpg@1l_1e_1c_128w_180h
1211482,熊出没·变形记,熊出没·变形记,"喜剧,动画,冒险",2018-02-16中国大陆上映,9.1,https://p0.meituan.net/movie/8a99acbac01d5fa5120a1ad9cf9643e0231700.jpg@1l_1e_1c_128w_180h
718,天堂电影院,天堂电影院,"剧情,爱情",1988-11-17意大利上映,9.2,https://p0.meituan.net/movie/76fc92cfa6c8f2959431b8aa604ef7ae126414.jpg@1l_1e_1c_128w_180h
247948,星球大战：最后的绝地武士,星球大战：最后的绝地武士,"动作,冒险,科幻",2018-01-05中国大陆上映,7.9,https://p1.meituan.net/movie/5388adcd715e0f065a5087145f82e6851003554.jpg@1l_1e_1c_128w_180h
332023,冰海陷落,冰海陷落,"动作,战争",2018-10-19英国上映,暂无评分,https://p0.meituan.net/movie/52c09e4201e6d44e55fff1fa892fbc81308811.jpg@1l_1e_1c_128w_180h
1197441,鬼话怪谈·祥云寺,鬼话怪谈·祥云寺,"惊悚,恐怖",2017-02-24中国大陆上映,暂无评分,https://p1.meituan.net/movie/dc43ecc1cf77972e9acb50db833789a9229352.jpg@1l_1e_1c_128w_180h
341173,王牌特工2：黄金圈,王牌特工2：黄金圈,"动作,冒险,喜剧",2017-10-20中国大陆上映,8.7,https://p1.meituan.net/movie/f4699eb4798d64ea313bbdf6a078bfea214795.jpg@1l_1e_1c_128w_180h
330357,电影 Smile 光之美少女! 儿童图画书里的世界都不协调！,电影 Smile 光之美少女! 儿童图画书里的世界都不协调！,动画,2012-10-27日本上映,暂无评分,https://p0.meituan.net/movie/42636f8219ddbbc1e33666fdfefecf2c457650.jpg@1l_1e_1c_128w_180h
74419,第一滴血5：最后的血,第一滴血5：最后的血,"动作,冒险,惊悚",2019-09-20美国上映,6.9,https://p0.meituan.net/movie/745051bed26d42704498dde04ea442d1263712.jpg@1l_1e_1c_128w_180h
341139,惊奇队长,惊奇队长,"动作,冒险,科幻",2019-03-08中国大陆上映,8.7,https://p0.meituan.net/movie/034069fc367db8a7d9644717b416cc2c332883.jpg@1l_1e_1c_128w_180h
1218727,何以为家,何以为家,剧情,2019-04-29中国大陆上映,9.3,https://p1.meituan.net/movie/d28b729ffe72353a72d1e7ef8a9b90591544978.jpg@1l_1e_1c_128w_180h
719872,熊出没的开垦地,熊出没的开垦地,动作,1932-04-14日本上映,暂无评分,https://p1.meituan.net/mmdb/9efcbbfcd8d12920ec7b37eaa3433f8128572.jpg@1l_1e_1c_128w_180h
247186,封神传奇,封神传奇,"动作,奇幻,古装",2016-07-29中国大陆上映,6.2,https://p0.meituan.net/movie/274ae599e5e8c050c19d36c98e41c9bd505160.jpg@1l_1e_1c_128w_180h
1217236,悲伤逆流成河,悲伤逆流成河,"剧情,爱情,家庭",2018-09-21中国大陆上映,9.0,https://p1.meituan.net/movie/e27ff51791134dc9cfd72417af9049af197718.jpg@1l_1e_1c_128w_180h
474310,哈利·波特禁忌之旅,哈利·波特禁忌之旅,"短片,冒险",2010-06-18美国上映,8.8,https://p0.meituan.net/movie/616aca53817d35c2785e56cd8b6f69c598993.jpg@1l_1e_1c_128w_180h
6032,野性的呼唤：育空的狗,野性的呼唤：育空的狗,冒险,1997-04-01中国大陆上映,7.7,https://p1.meituan.net/movie/9f05b294de6acaacdcef40df4171b5ef38627.jpg@1l_1e_1c_128w_180h
248677,老千2：神之手,老千2：神之手,"剧情,犯罪",2014-09-03韩国上映,7.0,https://p1.meituan.net/movie/03bc2b38ae6e52fb00895210f8459cfd293476.jpg@1l_1e_1c_128w_180h
1210950,小丑回魂2,小丑回魂2,"剧情,恐怖,奇幻",2019-09-06美国上映,6.5,https://p1.meituan.net/movie/0bb69141afa6cff2555045230b2aa538159730.jpg@1l_1e_1c_128w_180h
158,大话西游之大圣娶亲,大话西游之大圣娶亲,"喜剧,爱情,奇幻,古装",2014-10-24中国大陆上映,8.8,https://p1.meituan.net/moviemachine/508056769092059fe43a611b949f27d14863831.jpg@1l_1e_1c_128w_180h
